BoroCT2010,NTACode,NTAName
2000100,BX98,Rikers Island
2000200,BX09,Soundview-Castle Hill-Clason Point-Harding Park
2000400,BX09,Soundview-Castle Hill-Clason Point-Harding Park
2001600,BX09,Soundview-Castle Hill-Clason Point-Harding Park
2001900,BX39,Mott Haven-Port Morris
2002000,BX09,Soundview-Castle Hill-Clason Point-Harding Park
2002300,BX39,Mott Haven-Port Morris
2002400,BX99,park-cemetery-etc-Bronx
2002500,BX39,Mott Haven-Port Morris
2002701,BX39,Mott Haven-Port Morris
2002702,BX39,Mott Haven-Port Morris
2002800,BX09,Soundview-Castle Hill-Clason Point-Harding Park
2003100,BX39,Mott Haven-Port Morris
2003300,BX39,Mott Haven-Port Morris
2003500,BX39,Mott Haven-Port Morris
2003700,BX39,Mott Haven-Port Morris
2003800,BX09,Soundview-Castle Hill-Clason Point-Harding Park
2003900,BX39,Mott Haven-Port Morris
2004001,BX55,Soundview-Bruckner
2004100,BX39,Mott Haven-Port Morris
2004200,BX09,Soundview-Castle Hill-Clason Point-Harding Park
2004300,BX39,Mott Haven-Port Morris
2004400,BX55,Soundview-Bruckner
2004600,BX09,Soundview-Castle Hill-Clason Point-Harding Park
2004800,BX55,Soundview-Bruckner
2005001,BX55,Soundview-Bruckner
2005002,BX55,Soundview-Bruckner
2005100,BX39,Mott Haven-Port Morris
2005200,BX55,Soundview-Bruckner
2005300,BX36,University Heights-Morris Heights
2005400,BX08,West Farms-Bronx River
2005600,BX08,West Farms-Bronx River
2005902,BX14,East Concourse-Concourse Village
2006000,BX75,Crotona Park East
2006100,BX14,East Concourse-Concourse Village
2006200,BX08,West Farms-Bronx River
2006300,BX63,West Concourse
2006400,BX08,West Farms-Bronx River
2006500,BX34,Melrose South-Mott Haven North
2006700,BX34,Melrose South-Mott Haven North
2006800,BX55,Soundview-Bruckner
2006900,BX34,Melrose South-Mott Haven North
2007000,BX55,Soundview-Bruckner
2007100,BX34,Melrose South-Mott Haven North
2007200,BX55,Soundview-Bruckner
2007300,BX34,Melrose South-Mott Haven North
2007400,BX09,Soundview-Castle Hill-Clason Point-Harding Park
2007500,BX34,Melrose South-Mott Haven North
2007600,BX08,West Farms-Bronx River
2007700,BX34,Melrose South-Mott Haven North
2007800,BX59,Westchester-Unionport
2007900,BX34,Melrose South-Mott Haven North
2008300,BX33,Longwood
2008400,BX09,Soundview-Castle Hill-Clason Point-Harding Park
2008500,BX33,Longwood
2008600,BX09,Soundview-Castle Hill-Clason Point-Harding Park
2008700,BX33,Longwood
2008900,BX27,Hunts Point
2009000,BX09,Soundview-Castle Hill-Clason Point-Harding Park
2009200,BX59,Westchester-Unionport
2009300,BX27,Hunts Point
2009600,BX59,Westchester-Unionport
2009800,BX59,Westchester-Unionport
2011000,BX52,Schuylerville-Throgs Neck-Edgewater Park
2011502,BX27,Hunts Point
2011700,BX27,Hunts Point
2011800,BX52,Schuylerville-Throgs Neck-Edgewater Park
2011900,BX27,Hunts Point
2012101,BX35,Morrisania-Melrose
2012102,BX27,Hunts Point
2012300,BX75,Crotona Park East
2012500,BX35,Morrisania-Melrose
2012701,BX27,Hunts Point
2012901,BX33,Longwood
2013000,BX52,Schuylerville-Throgs Neck-Edgewater Park
2013100,BX33,Longwood
2013200,BX52,Schuylerville-Throgs Neck-Edgewater Park
2013300,BX35,Morrisania-Melrose
2013500,BX35,Morrisania-Melrose
2013800,BX52,Schuylerville-Throgs Neck-Edgewater Park
2014100,BX35,Morrisania-Melrose
2014300,BX14,East Concourse-Concourse Village
2014400,BX52,Schuylerville-Throgs Neck-Edgewater Park
2014500,BX01,Claremont-Bathgate
2014701,BX01,Claremont-Bathgate
2014702,BX01,Claremont-Bathgate
2014900,BX35,Morrisania-Melrose
2015100,BX35,Morrisania-Melrose
2015200,BX52,Schuylerville-Throgs Neck-Edgewater Park
2015300,BX75,Crotona Park East
2015500,BX75,Crotona Park East
2015700,BX75,Crotona Park East
2015800,BX52,Schuylerville-Throgs Neck-Edgewater Park
2015900,BX27,Hunts Point
2016000,BX52,Schuylerville-Throgs Neck-Edgewater Park
2016100,BX75,Crotona Park East
2016200,BX52,Schuylerville-Throgs Neck-Edgewater Park
2016300,BX99,park-cemetery-etc-Bronx
2016400,BX52,Schuylerville-Throgs Neck-Edgewater Park
2016500,BX01,Claremont-Bathgate
2016600,BX52,Schuylerville-Throgs Neck-Edgewater Park
2016700,BX01,Claremont-Bathgate
2016900,BX01,Claremont-Bathgate
2017100,BX99,park-cemetery-etc-Bronx
2017300,BX14,East Concourse-Concourse Village
2017500,BX14,East Concourse-Concourse Village
2017701,BX14,East Concourse-Concourse Village
2017702,BX14,East Concourse-Concourse Village
2017901,BX14,East Concourse-Concourse Village
2017902,BX14,East Concourse-Concourse Village
2018101,BX14,East Concourse-Concourse Village
2018102,BX14,East Concourse-Concourse Village
2018301,BX14,East Concourse-Concourse Village
2018302,BX14,East Concourse-Concourse Village
2018400,BX52,Schuylerville-Throgs Neck-Edgewater Park
2018500,BX35,Morrisania-Melrose
2018900,BX26,Highbridge
2019300,BX26,Highbridge
2019400,BX52,Schuylerville-Throgs Neck-Edgewater Park
2019500,BX63,West Concourse
2019700,BX63,West Concourse
2019900,BX26,Highbridge
2020000,BX37,Van Nest-Morris Park-Westchester Square
2020100,BX26,Highbridge
2020200,BX59,Westchester-Unionport
2020400,BX59,Westchester-Unionport
2020501,BX36,University Heights-Morris Heights
2020502,BX36,University Heights-Morris Heights
2020601,BX59,Westchester-Unionport
2020900,BX63,West Concourse
2021001,BX46,Parkchester
2021002,BX46,Parkchester
2021100,BX26,Highbridge
2021200,BX46,Parkchester
2021301,BX36,University Heights-Morris Heights
2021302,BX26,Highbridge
2021501,BX36,University Heights-Morris Heights
2021502,BX36,University Heights-Morris Heights
2021601,BX08,West Farms-Bronx River
2021602,BX46,Parkchester
2021700,BX36,University Heights-Morris Heights
2021800,BX08,West Farms-Bronx River
2021900,BX26,Highbridge
2022000,BX17,East Tremont
2022101,BX63,West Concourse
2022102,BX63,West Concourse
2022200,BX46,Parkchester
2022300,BX63,West Concourse
2022401,BX49,Pelham Parkway
2022403,BX49,Pelham Parkway
2022404,BX49,Pelham Parkway
2022500,BX14,East Concourse-Concourse Village
2022701,BX41,Mount Hope
2022702,BX41,Mount Hope
2022703,BX41,Mount Hope
2022800,BX49,Pelham Parkway
2022901,BX41,Mount Hope
2022902,BX41,Mount Hope
2023000,BX37,Van Nest-Morris Park-Westchester Square
2023100,BX41,Mount Hope
2023200,BX37,Van Nest-Morris Park-Westchester Square
2023301,BX41,Mount Hope
2023302,BX41,Mount Hope
2023501,BX41,Mount Hope
2023502,BX41,Mount Hope
2023600,BX37,Van Nest-Morris Park-Westchester Square
2023702,BX05,Bedford Park-Fordham North
2023703,BX40,Fordham South
2023704,BX40,Fordham South
2023800,BX37,Van Nest-Morris Park-Westchester Square
2023900,BX40,Fordham South
2024000,BX37,Van Nest-Morris Park-Westchester Square
2024100,BX41,Mount Hope
2024300,BX36,University Heights-Morris Heights
2024400,BX37,Van Nest-Morris Park-Westchester Square
2024501,BX36,University Heights-Morris Heights
2024502,BX36,University Heights-Morris Heights
2024600,BX49,Pelham Parkway
2024700,BX36,University Heights-Morris Heights
2024800,BX49,Pelham Parkway
2024900,BX36,University Heights-Morris Heights
2025000,BX49,Pelham Parkway
2025100,BX36,University Heights-Morris Heights
2025200,BX37,Van Nest-Morris Park-Westchester Square
2025300,BX30,Kingsbridge Heights
2025400,BX37,Van Nest-Morris Park-Westchester Square
2025500,BX30,Kingsbridge Heights
2025600,BX37,Van Nest-Morris Park-Westchester Square
2025700,BX36,University Heights-Morris Heights
2026100,BX30,Kingsbridge Heights
2026300,BX30,Kingsbridge Heights
2026400,BX52,Schuylerville-Throgs Neck-Edgewater Park
2026500,BX30,Kingsbridge Heights
2026601,BX10,Pelham Bay-Country Club-City Island
2026602,BX10,Pelham Bay-Country Club-City Island
2026701,BX28,Van Cortlandt Village
2026702,BX28,Van Cortlandt Village
2026900,BX30,Kingsbridge Heights
2027300,BX28,Van Cortlandt Village
2027401,BX10,Pelham Bay-Country Club-City Island
2027402,BX10,Pelham Bay-Country Club-City Island
2027600,BX99,park-cemetery-etc-Bronx
2027700,BX28,Van Cortlandt Village
2027900,BX28,Van Cortlandt Village
2028100,BX28,Van Cortlandt Village
2028300,BX29,Spuyten Duyvil-Kingsbridge
2028400,BX37,Van Nest-Morris Park-Westchester Square
2028500,BX29,Spuyten Duyvil-Kingsbridge
2028600,BX37,Van Nest-Morris Park-Westchester Square
2028700,BX29,Spuyten Duyvil-Kingsbridge
2028800,BX49,Pelham Parkway
2028900,BX29,Spuyten Duyvil-Kingsbridge
2029301,BX29,Spuyten Duyvil-Kingsbridge
2029302,BX29,Spuyten Duyvil-Kingsbridge
2029500,BX29,Spuyten Duyvil-Kingsbridge
2029600,BX49,Pelham Parkway
2029700,BX29,Spuyten Duyvil-Kingsbridge
2030000,BX10,Pelham Bay-Country Club-City Island
2030100,BX29,Spuyten Duyvil-Kingsbridge
2030200,BX13,Co-op City
2030701,BX22,North Riverdale-Fieldston-Riverdale
2030900,BX22,North Riverdale-Fieldston-Riverdale
2031000,BX31,Allerton-Pelham Gardens
2031200,BX31,Allerton-Pelham Gardens
2031400,BX31,Allerton-Pelham Gardens
2031600,BX31,Allerton-Pelham Gardens
2031800,BX31,Allerton-Pelham Gardens
2031900,BX22,North Riverdale-Fieldston-Riverdale
2032300,BX22,North Riverdale-Fieldston-Riverdale
2032400,BX07,Bronxdale
2032600,BX31,Allerton-Pelham Gardens
2032800,BX07,Bronxdale
2033000,BX07,Bronxdale
2033201,BX07,Bronxdale
2033202,BX07,Bronxdale
2033400,BX99,park-cemetery-etc-Bronx
2033500,BX22,North Riverdale-Fieldston-Riverdale
2033600,BX07,Bronxdale
2033700,BX22,North Riverdale-Fieldston-Riverdale
2033800,BX07,Bronxdale
2034000,BX07,Bronxdale
2034200,BX31,Allerton-Pelham Gardens
2034300,BX22,North Riverdale-Fieldston-Riverdale
2034400,BX31,Allerton-Pelham Gardens
2034500,BX22,North Riverdale-Fieldston-Riverdale
2034800,BX31,Allerton-Pelham Gardens
2035000,BX31,Allerton-Pelham Gardens
2035100,BX22,North Riverdale-Fieldston-Riverdale
2035600,BX03,Eastchester-Edenwald-Baychester
2035800,BX03,Eastchester-Edenwald-Baychester
2035900,BX17,East Tremont
2036000,BX31,Allerton-Pelham Gardens
2036100,BX17,East Tremont
2036300,BX17,East Tremont
2036400,BX03,Eastchester-Edenwald-Baychester
2036501,BX17,East Tremont
2036502,BX17,East Tremont
2036700,BX17,East Tremont
2036800,BX44,Williamsbridge-Olinville
2036901,BX17,East Tremont
2036902,BX17,East Tremont
2037000,BX44,Williamsbridge-Olinville
2037100,BX17,East Tremont
2037200,BX44,Williamsbridge-Olinville
2037300,BX17,East Tremont
2037400,BX44,Williamsbridge-Olinville
2037504,BX17,East Tremont
2037600,BX44,Williamsbridge-Olinville
2037800,BX44,Williamsbridge-Olinville
2037900,BX41,Mount Hope
2038000,BX44,Williamsbridge-Olinville
2038100,BX41,Mount Hope
2038200,BX44,Williamsbridge-Olinville
2038301,BX40,Fordham South
2038302,BX40,Fordham South
2038500,BX01,Claremont-Bathgate
2038600,BX03,Eastchester-Edenwald-Baychester
2038700,BX06,Belmont
2038800,BX44,Williamsbridge-Olinville
2038900,BX06,Belmont
2039000,BX44,Williamsbridge-Olinville
2039100,BX06,Belmont
2039200,BX44,Williamsbridge-Olinville
2039300,BX06,Belmont
2039400,BX44,Williamsbridge-Olinville
2039500,BX01,Claremont-Bathgate
2039600,BX44,Williamsbridge-Olinville
2039700,BX06,Belmont
2039800,BX44,Williamsbridge-Olinville
2039901,BX05,Bedford Park-Fordham North
2039902,BX05,Bedford Park-Fordham North
2040100,BX05,Bedford Park-Fordham North
2040302,BX05,Bedford Park-Fordham North
2040303,BX28,Van Cortlandt Village
2040304,BX28,Van Cortlandt Village
2040400,BX44,Williamsbridge-Olinville
2040501,BX05,Bedford Park-Fordham North
2040502,BX05,Bedford Park-Fordham North
2040600,BX44,Williamsbridge-Olinville
2040701,BX28,Van Cortlandt Village
2040702,BX05,Bedford Park-Fordham North
2040800,BX44,Williamsbridge-Olinville
2040900,BX28,Van Cortlandt Village
2041100,BX05,Bedford Park-Fordham North
2041300,BX05,Bedford Park-Fordham North
2041400,BX62,Woodlawn-Wakefield
2041500,BX05,Bedford Park-Fordham North
2041800,BX62,Woodlawn-Wakefield
2041900,BX43,Norwood
2042000,BX44,Williamsbridge-Olinville
2042100,BX43,Norwood
2042200,BX44,Williamsbridge-Olinville
2042300,BX43,Norwood
2042400,BX44,Williamsbridge-Olinville
2042500,BX43,Norwood
2042600,BX62,Woodlawn-Wakefield
2042800,BX62,Woodlawn-Wakefield
2042901,BX43,Norwood
2042902,BX43,Norwood
2043000,BX62,Woodlawn-Wakefield
2043100,BX43,Norwood
2043400,BX62,Woodlawn-Wakefield
2043500,BX99,park-cemetery-etc-Bronx
2043600,BX62,Woodlawn-Wakefield
2044200,BX62,Woodlawn-Wakefield
2044400,BX62,Woodlawn-Wakefield
2044800,BX62,Woodlawn-Wakefield
2044901,BX62,Woodlawn-Wakefield
2044902,BX62,Woodlawn-Wakefield
2045101,BX62,Woodlawn-Wakefield
2045102,BX62,Woodlawn-Wakefield
2045600,BX03,Eastchester-Edenwald-Baychester
2045800,BX03,Eastchester-Edenwald-Baychester
2046000,BX03,Eastchester-Edenwald-Baychester
2046201,BX13,Co-op City
2046202,BX13,Co-op City
2048400,BX03,Eastchester-Edenwald-Baychester
2050400,BX99,park-cemetery-etc-Bronx
2051600,BX10,Pelham Bay-Country Club-City Island
3000100,BK09,Brooklyn Heights-Cobble Hill
3000200,BK32,Sunset Park West
3000301,BK09,Brooklyn Heights-Cobble Hill
3000501,BK09,Brooklyn Heights-Cobble Hill
3000502,BK09,Brooklyn Heights-Cobble Hill
3000700,BK09,Brooklyn Heights-Cobble Hill
3000900,BK09,Brooklyn Heights-Cobble Hill
3001100,BK38,DUMBO-Vinegar Hill-Downtown Brooklyn-Boerum Hill
3001300,BK38,DUMBO-Vinegar Hill-Downtown Brooklyn-Boerum Hill
3001500,BK38,DUMBO-Vinegar Hill-Downtown Brooklyn-Boerum Hill
3001800,BK32,Sunset Park West
3002000,BK32,Sunset Park West
3002100,BK38,DUMBO-Vinegar Hill-Downtown Brooklyn-Boerum Hill
3002200,BK32,Sunset Park West
3002300,BK38,DUMBO-Vinegar Hill-Downtown Brooklyn-Boerum Hill
3002901,BK68,Fort Greene
3003000,BK31,Bay Ridge
3003100,BK68,Fort Greene
3003300,BK68,Fort Greene
3003400,BK31,Bay Ridge
3003500,BK68,Fort Greene
3003600,BK31,Bay Ridge
3003700,BK38,DUMBO-Vinegar Hill-Downtown Brooklyn-Boerum Hill
3003800,BK31,Bay Ridge
3003900,BK38,DUMBO-Vinegar Hill-Downtown Brooklyn-Boerum Hill
3004100,BK38,DUMBO-Vinegar Hill-Downtown Brooklyn-Boerum Hill
3004300,BK38,DUMBO-Vinegar Hill-Downtown Brooklyn-Boerum Hill
3004400,BK31,Bay Ridge
3004500,BK33,Carroll Gardens-Columbia Street-Red Hook
3004600,BK31,Bay Ridge
3004700,BK33,Carroll Gardens-Columbia Street-Red Hook
3004900,BK33,Carroll Gardens-Columbia Street-Red Hook
3005000,BK31,Bay Ridge
3005100,BK33,Carroll Gardens-Columbia Street-Red Hook
3005201,BK31,Bay Ridge
3005202,BK31,Bay Ridge
3005300,BK33,Carroll Gardens-Columbia Street-Red Hook
3005400,BK31,Bay Ridge
3005601,BK31,Bay Ridge
3005602,BK31,Bay Ridge
3005800,BK31,Bay Ridge
3005900,BK33,Carroll Gardens-Columbia Street-Red Hook
3006000,BK31,Bay Ridge
3006200,BK31,Bay Ridge
3006300,BK33,Carroll Gardens-Columbia Street-Red Hook
3006400,BK31,Bay Ridge
3006500,BK33,Carroll Gardens-Columbia Street-Red Hook
3006600,BK31,Bay Ridge
3006700,BK33,Carroll Gardens-Columbia Street-Red Hook
3006800,BK31,Bay Ridge
3006900,BK38,DUMBO-Vinegar Hill-Downtown Brooklyn-Boerum Hill
3007000,BK31,Bay Ridge
3007100,BK38,DUMBO-Vinegar Hill-Downtown Brooklyn-Boerum Hill
3007200,BK32,Sunset Park West
3007400,BK32,Sunset Park West
3007500,BK33,Carroll Gardens-Columbia Street-Red Hook
3007600,BK32,Sunset Park West
3007700,BK33,Carroll Gardens-Columbia Street-Red Hook
3007800,BK32,Sunset Park West
3008000,BK32,Sunset Park West
3008200,BK32,Sunset Park West
3008400,BK32,Sunset Park West
3008500,BK33,Carroll Gardens-Columbia Street-Red Hook
3008600,BK34,Sunset Park East
3008800,BK34,Sunset Park East
3009000,BK34,Sunset Park East
3009200,BK34,Sunset Park East
3009400,BK34,Sunset Park East
3009600,BK34,Sunset Park East
3009800,BK34,Sunset Park East
3010000,BK34,Sunset Park East
3010100,BK32,Sunset Park West
3010200,BK34,Sunset Park East
3010400,BK34,Sunset Park East
3010600,BK34,Sunset Park East
3010800,BK34,Sunset Park East
3011000,BK34,Sunset Park East
3011200,BK34,Sunset Park East
3011400,BK88,Borough Park
3011600,BK88,Borough Park
3011700,BK37,Park Slope-Gowanus
3011800,BK34,Sunset Park East
3011900,BK37,Park Slope-Gowanus
3012000,BK34,Sunset Park East
3012100,BK37,Park Slope-Gowanus
3012200,BK32,Sunset Park West
3012600,BK31,Bay Ridge
3012700,BK38,DUMBO-Vinegar Hill-Downtown Brooklyn-Boerum Hill
3012801,BK30,Dyker Heights
3012901,BK37,Park Slope-Gowanus
3012902,BK37,Park Slope-Gowanus
3013000,BK31,Bay Ridge
3013100,BK37,Park Slope-Gowanus
3013200,BK30,Dyker Heights
3013300,BK37,Park Slope-Gowanus
3013400,BK31,Bay Ridge
3013500,BK37,Park Slope-Gowanus
3013600,BK31,Bay Ridge
3013700,BK37,Park Slope-Gowanus
3013800,BK31,Bay Ridge
3013900,BK37,Park Slope-Gowanus
3014000,BK30,Dyker Heights
3014100,BK37,Park Slope-Gowanus
3014200,BK31,Bay Ridge
3014300,BK37,Park Slope-Gowanus
3014500,BK32,Sunset Park West
3014700,BK32,Sunset Park West
3014800,BK30,Dyker Heights
3014900,BK37,Park Slope-Gowanus
3015000,BK30,Dyker Heights
3015100,BK37,Park Slope-Gowanus
3015200,BK30,Dyker Heights
3015300,BK37,Park Slope-Gowanus
3015400,BK99,park-cemetery-etc-Brooklyn
3015500,BK37,Park Slope-Gowanus
3015700,BK37,Park Slope-Gowanus
3015900,BK37,Park Slope-Gowanus
3016000,BK31,Bay Ridge
3016100,BK64,Prospect Heights
3016200,BK31,Bay Ridge
3016300,BK64,Prospect Heights
3016400,BK31,Bay Ridge
3016500,BK37,Park Slope-Gowanus
3016600,BK30,Dyker Heights
3016700,BK37,Park Slope-Gowanus
3016800,BK27,Bath Beach
3016900,BK40,Windsor Terrace
3017000,BK27,Bath Beach
3017100,BK40,Windsor Terrace
3017200,BK27,Bath Beach
3017400,BK27,Bath Beach
3017500,BK99,park-cemetery-etc-Brooklyn
3017600,BK27,Bath Beach
3017700,BK99,park-cemetery-etc-Brooklyn
3017800,BK27,Bath Beach
3017900,BK68,Fort Greene
3018000,BK27,Bath Beach
3018100,BK68,Fort Greene
3018200,BK28,Bensonhurst West
3018300,BK68,Fort Greene
3018400,BK28,Bensonhurst West
3018501,BK68,Fort Greene
3018600,BK28,Bensonhurst West
3018700,BK68,Fort Greene
3018800,BK28,Bensonhurst West
3019000,BK28,Bensonhurst West
3019100,BK69,Clinton Hill
3019200,BK88,Borough Park
3019300,BK69,Clinton Hill
3019400,BK30,Dyker Heights
3019500,BK69,Clinton Hill
3019600,BK30,Dyker Heights
3019700,BK69,Clinton Hill
3019800,BK30,Dyker Heights
3019900,BK69,Clinton Hill
3020000,BK30,Dyker Heights
3020100,BK69,Clinton Hill
3020200,BK30,Dyker Heights
3020300,BK64,Prospect Heights
3020400,BK30,Dyker Heights
3020500,BK64,Prospect Heights
3020600,BK30,Dyker Heights
3020700,BK64,Prospect Heights
3020800,BK30,Dyker Heights
3021000,BK30,Dyker Heights
3021100,BK68,Fort Greene
3021200,BK30,Dyker Heights
3021300,BK63,Crown Heights South
3021400,BK88,Borough Park
3021500,BK64,Prospect Heights
3021600,BK88,Borough Park
3021700,BK61,Crown Heights North
3021800,BK88,Borough Park
3021900,BK61,Crown Heights North
3022000,BK88,Borough Park
3022100,BK61,Crown Heights North
3022200,BK88,Borough Park
3022400,BK88,Borough Park
3022600,BK88,Borough Park
3022700,BK69,Clinton Hill
3022800,BK88,Borough Park
3022900,BK69,Clinton Hill
3023000,BK88,Borough Park
3023100,BK69,Clinton Hill
3023200,BK88,Borough Park
3023300,BK75,Bedford
3023400,BK88,Borough Park
3023500,BK69,Clinton Hill
3023600,BK88,Borough Park
3023800,BK88,Borough Park
3024000,BK88,Borough Park
3024100,BK75,Bedford
3024200,BK88,Borough Park
3024300,BK75,Bedford
3024400,BK88,Borough Park
3024500,BK75,Bedford
3024600,BK88,Borough Park
3024700,BK61,Crown Heights North
3024800,BK28,Bensonhurst West
3024900,BK75,Bedford
3025000,BK28,Bensonhurst West
3025100,BK75,Bedford
3025200,BK28,Bensonhurst West
3025300,BK75,Bedford
3025400,BK28,Bensonhurst West
3025500,BK75,Bedford
3025600,BK28,Bensonhurst West
3025700,BK75,Bedford
3025800,BK28,Bensonhurst West
3025901,BK75,Bedford
3025902,BK75,Bedford
3026000,BK28,Bensonhurst West
3026100,BK75,Bedford
3026200,BK28,Bensonhurst West
3026300,BK75,Bedford
3026400,BK28,Bensonhurst West
3026500,BK75,Bedford
3026600,BK28,Bensonhurst West
3026700,BK75,Bedford
3026800,BK28,Bensonhurst West
3026900,BK75,Bedford
3027000,BK28,Bensonhurst West
3027100,BK61,Crown Heights North
3027200,BK28,Bensonhurst West
3027300,BK35,Stuyvesant Heights
3027400,BK28,Bensonhurst West
3027500,BK35,Stuyvesant Heights
3027600,BK28,Bensonhurst West
3027700,BK35,Stuyvesant Heights
3027800,BK28,Bensonhurst West
3027900,BK35,Stuyvesant Heights
3028000,BK27,Bath Beach
3028100,BK35,Stuyvesant Heights
3028200,BK27,Bath Beach
3028300,BK35,Stuyvesant Heights
3028400,BK28,Bensonhurst West
3028501,BK78,Bushwick South
3028502,BK35,Stuyvesant Heights
3028600,BK27,Bath Beach
3028700,BK35,Stuyvesant Heights
3028800,BK28,Bensonhurst West
3028900,BK35,Stuyvesant Heights
3029000,BK28,Bensonhurst West
3029100,BK35,Stuyvesant Heights
3029200,BK27,Bath Beach
3029300,BK35,Stuyvesant Heights
3029400,BK28,Bensonhurst West
3029500,BK35,Stuyvesant Heights
3029600,BK28,Bensonhurst West
3029700,BK61,Crown Heights North
3029800,BK29,Bensonhurst East
3029900,BK61,Crown Heights North
3030000,BK29,Bensonhurst East
3030100,BK79,Ocean Hill
3030200,BK29,Bensonhurst East
3030300,BK79,Ocean Hill
3030400,BK29,Bensonhurst East
3030500,BK61,Crown Heights North
3030600,BK26,Gravesend
3030700,BK61,Crown Heights North
3030800,BK26,Gravesend
3030900,BK61,Crown Heights North
3031100,BK61,Crown Heights North
3031300,BK61,Crown Heights North
3031400,BK26,Gravesend
3031500,BK61,Crown Heights North
3031701,BK61,Crown Heights North
3031702,BK61,Crown Heights North
3031900,BK63,Crown Heights South
3032100,BK63,Crown Heights South
3032300,BK63,Crown Heights South
3032500,BK63,Crown Heights South
3032600,BK21,Seagate-Coney Island
3032700,BK60,Prospect Lefferts Gardens-Wingate
3032800,BK21,Seagate-Coney Island
3032900,BK60,Prospect Lefferts Gardens-Wingate
3033000,BK21,Seagate-Coney Island
3033100,BK63,Crown Heights South
3033300,BK63,Crown Heights South
3033500,BK63,Crown Heights South
3033600,BK21,Seagate-Coney Island
3033700,BK61,Crown Heights North
3033900,BK61,Crown Heights North
3034000,BK21,Seagate-Coney Island
3034100,BK61,Crown Heights North
3034200,BK21,Seagate-Coney Island
3034300,BK61,Crown Heights North
3034500,BK61,Crown Heights North
3034700,BK61,Crown Heights North
3034800,BK21,Seagate-Coney Island
3034900,BK61,Crown Heights North
3035000,BK23,West Brighton
3035100,BK61,Crown Heights North
3035200,BK21,Seagate-Coney Island
3035300,BK61,Crown Heights North
3035400,BK23,West Brighton
3035500,BK63,Crown Heights South
3035601,BK23,West Brighton
3035602,BK23,West Brighton
3035700,BK61,Crown Heights North
3035900,BK61,Crown Heights North
3036001,BK19,Brighton Beach
3036002,BK19,Brighton Beach
3036100,BK79,Ocean Hill
3036200,BK19,Brighton Beach
3036300,BK79,Ocean Hill
3036400,BK19,Brighton Beach
3036501,BK79,Ocean Hill
3036502,BK79,Ocean Hill
3036600,BK19,Brighton Beach
3036700,BK79,Ocean Hill
3036900,BK79,Ocean Hill
3037000,BK19,Brighton Beach
3037100,BK79,Ocean Hill
3037300,BK79,Ocean Hill
3037401,BK26,Gravesend
3037402,BK26,Gravesend
3037500,BK35,Stuyvesant Heights
3037700,BK35,Stuyvesant Heights
3037900,BK35,Stuyvesant Heights
3038100,BK61,Crown Heights North
3038200,BK26,Gravesend
3038300,BK35,Stuyvesant Heights
3038500,BK35,Stuyvesant Heights
3038600,BK26,Gravesend
3038700,BK35,Stuyvesant Heights
3038800,BK25,Homecrest
3038900,BK78,Bushwick South
3039000,BK25,Homecrest
3039100,BK78,Bushwick South
3039200,BK25,Homecrest
3039300,BK78,Bushwick South
3039400,BK25,Homecrest
3039500,BK78,Bushwick South
3039600,BK25,Homecrest
3039700,BK78,Bushwick South
3039800,BK26,Gravesend
3039900,BK78,Bushwick South
3040000,BK29,Bensonhurst East
3040100,BK78,Bushwick South
3040200,BK29,Bensonhurst East
3040300,BK78,Bushwick South
3040400,BK29,Bensonhurst East
3040500,BK78,Bushwick South
3040600,BK29,Bensonhurst East
3040700,BK99,park-cemetery-etc-Brooklyn
3040800,BK29,Bensonhurst East
3040900,BK77,Bushwick North
3041000,BK29,Bensonhurst East
3041100,BK78,Bushwick South
3041200,BK29,Bensonhurst East
3041300,BK78,Bushwick South
3041401,BK25,Homecrest
3041402,BK25,Homecrest
3041500,BK78,Bushwick South
3041600,BK25,Homecrest
3041700,BK78,Bushwick South
3041800,BK25,Homecrest
3041900,BK78,Bushwick South
3042000,BK25,Homecrest
3042100,BK78,Bushwick South
3042200,BK25,Homecrest
3042300,BK78,Bushwick South
3042400,BK29,Bensonhurst East
3042500,BK78,Bushwick South
3042600,BK29,Bensonhurst East
3042700,BK77,Bushwick North
3042800,BK29,Bensonhurst East
3042900,BK77,Bushwick North
3043000,BK29,Bensonhurst East
3043100,BK77,Bushwick North
3043200,BK29,Bensonhurst East
3043300,BK77,Bushwick North
3043400,BK29,Bensonhurst East
3043500,BK77,Bushwick North
3043600,BK29,Bensonhurst East
3043700,BK77,Bushwick North
3043800,BK46,Ocean Parkway South
3043900,BK77,Bushwick North
3044000,BK46,Ocean Parkway South
3044100,BK77,Bushwick North
3044200,BK46,Ocean Parkway South
3044300,BK77,Bushwick North
3044400,BK46,Ocean Parkway South
3044500,BK77,Bushwick North
3044600,BK88,Borough Park
3044700,BK77,Bushwick North
3044800,BK46,Ocean Parkway South
3044900,BK90,East Williamsburg
3045000,BK46,Ocean Parkway South
3045200,BK46,Ocean Parkway South
3045300,BK77,Bushwick North
3045400,BK46,Ocean Parkway South
3045600,BK43,Midwood
3045800,BK43,Midwood
3046000,BK42,Flatbush
3046201,BK42,Flatbush
3046202,BK46,Ocean Parkway South
3046400,BK88,Borough Park
3046800,BK88,Borough Park
3047000,BK88,Borough Park
3047200,BK88,Borough Park
3047400,BK88,Borough Park
3047600,BK88,Borough Park
3047700,BK90,East Williamsburg
3047800,BK88,Borough Park
3048000,BK42,Flatbush
3048100,BK90,East Williamsburg
3048200,BK42,Flatbush
3048400,BK41,Kensington-Ocean Parkway
3048500,BK78,Bushwick South
3048600,BK41,Kensington-Ocean Parkway
3048800,BK41,Kensington-Ocean Parkway
3048900,BK78,Bushwick South
3049000,BK41,Kensington-Ocean Parkway
3049100,BK90,East Williamsburg
3049200,BK41,Kensington-Ocean Parkway
3049300,BK78,Bushwick South
3049400,BK41,Kensington-Ocean Parkway
3049500,BK90,East Williamsburg
3049600,BK41,Kensington-Ocean Parkway
3049700,BK90,East Williamsburg
3049800,BK41,Kensington-Ocean Parkway
3049900,BK76,Greenpoint
3050000,BK40,Windsor Terrace
3050100,BK90,East Williamsburg
3050202,BK40,Windsor Terrace
3050300,BK90,East Williamsburg
3050400,BK40,Windsor Terrace
3050500,BK90,East Williamsburg
3050600,BK42,Flatbush
3050700,BK75,Bedford
3050801,BK42,Flatbush
3050803,BK42,Flatbush
3050804,BK42,Flatbush
3050900,BK72,Williamsburg
3051001,BK42,Flatbush
3051002,BK42,Flatbush
3051100,BK90,East Williamsburg
3051200,BK42,Flatbush
3051300,BK73,North Side-South Side
3051400,BK42,Flatbush
3051500,BK73,North Side-South Side
3051601,BK42,Flatbush
3051602,BK42,Flatbush
3051700,BK73,North Side-South Side
3051800,BK42,Flatbush
3051900,BK73,North Side-South Side
3052000,BK42,Flatbush
3052300,BK73,North Side-South Side
3052500,BK73,North Side-South Side
3052600,BK42,Flatbush
3052700,BK73,North Side-South Side
3052800,BK42,Flatbush
3052900,BK72,Williamsburg
3053000,BK43,Midwood
3053100,BK75,Bedford
3053200,BK43,Midwood
3053300,BK72,Williamsburg
3053400,BK43,Midwood
3053500,BK72,Williamsburg
3053700,BK72,Williamsburg
3053800,BK43,Midwood
3053900,BK72,Williamsburg
3054200,BK43,Midwood
3054300,BK99,park-cemetery-etc-Brooklyn
3054400,BK43,Midwood
3054500,BK72,Williamsburg
3054600,BK43,Midwood
3054700,BK73,North Side-South Side
3054800,BK44,Madison
3054900,BK73,North Side-South Side
3055000,BK44,Madison
3055100,BK73,North Side-South Side
3055200,BK44,Madison
3055300,BK73,North Side-South Side
3055400,BK25,Homecrest
3055500,BK73,North Side-South Side
3055600,BK25,Homecrest
3055700,BK73,North Side-South Side
3055800,BK44,Madison
3056000,BK44,Madison
3056100,BK76,Greenpoint
3056200,BK44,Madison
3056300,BK76,Greenpoint
3056400,BK44,Madison
3056500,BK76,Greenpoint
3056600,BK44,Madison
3056800,BK44,Madison
3056900,BK76,Greenpoint
3057000,BK17,Sheepshead Bay-Gerritsen Beach-Manhattan Beach
3057100,BK76,Greenpoint
3057200,BK17,Sheepshead Bay-Gerritsen Beach-Manhattan Beach
3057300,BK76,Greenpoint
3057400,BK44,Madison
3057500,BK76,Greenpoint
3057600,BK44,Madison
3057800,BK44,Madison
3057900,BK76,Greenpoint
3058000,BK44,Madison
3058200,BK25,Homecrest
3058400,BK25,Homecrest
3058600,BK17,Sheepshead Bay-Gerritsen Beach-Manhattan Beach
3058800,BK25,Homecrest
3058900,BK76,Greenpoint
3059000,BK17,Sheepshead Bay-Gerritsen Beach-Manhattan Beach
3059100,BK76,Greenpoint
3059200,BK17,Sheepshead Bay-Gerritsen Beach-Manhattan Beach
3059300,BK76,Greenpoint
3059401,BK17,Sheepshead Bay-Gerritsen Beach-Manhattan Beach
3059402,BK17,Sheepshead Bay-Gerritsen Beach-Manhattan Beach
3059600,BK17,Sheepshead Bay-Gerritsen Beach-Manhattan Beach
3059800,BK17,Sheepshead Bay-Gerritsen Beach-Manhattan Beach
3060000,BK17,Sheepshead Bay-Gerritsen Beach-Manhattan Beach
3060600,BK17,Sheepshead Bay-Gerritsen Beach-Manhattan Beach
3060800,BK17,Sheepshead Bay-Gerritsen Beach-Manhattan Beach
3061002,BK19,Brighton Beach
3061003,BK19,Brighton Beach
3061004,BK19,Brighton Beach
3061200,BK17,Sheepshead Bay-Gerritsen Beach-Manhattan Beach
3061600,BK17,Sheepshead Bay-Gerritsen Beach-Manhattan Beach
3062000,BK17,Sheepshead Bay-Gerritsen Beach-Manhattan Beach
3062200,BK17,Sheepshead Bay-Gerritsen Beach-Manhattan Beach
3062600,BK17,Sheepshead Bay-Gerritsen Beach-Manhattan Beach
3062800,BK17,Sheepshead Bay-Gerritsen Beach-Manhattan Beach
3063200,BK17,Sheepshead Bay-Gerritsen Beach-Manhattan Beach
3063600,BK45,Georgetown-Marine Park-Bergen Beach-Mill Basin
3063800,BK44,Madison
3064000,BK45,Georgetown-Marine Park-Bergen Beach-Mill Basin
3064200,BK44,Madison
3064400,BK45,Georgetown-Marine Park-Bergen Beach-Mill Basin
3064600,BK45,Georgetown-Marine Park-Bergen Beach-Mill Basin
3064800,BK45,Georgetown-Marine Park-Bergen Beach-Mill Basin
3065000,BK58,Flatlands
3065200,BK45,Georgetown-Marine Park-Bergen Beach-Mill Basin
3065400,BK45,Georgetown-Marine Park-Bergen Beach-Mill Basin
3065600,BK45,Georgetown-Marine Park-Bergen Beach-Mill Basin
3065800,BK45,Georgetown-Marine Park-Bergen Beach-Mill Basin
3066000,BK45,Georgetown-Marine Park-Bergen Beach-Mill Basin
3066200,BK45,Georgetown-Marine Park-Bergen Beach-Mill Basin
3066600,BK99,park-cemetery-etc-Brooklyn
3067000,BK45,Georgetown-Marine Park-Bergen Beach-Mill Basin
3067200,BK58,Flatlands
3067400,BK58,Flatlands
3067600,BK58,Flatlands
3067800,BK58,Flatlands
3068000,BK58,Flatlands
3068200,BK58,Flatlands
3068600,BK45,Georgetown-Marine Park-Bergen Beach-Mill Basin
3068800,BK58,Flatlands
3069000,BK58,Flatlands
3069200,BK58,Flatlands
3069601,BK45,Georgetown-Marine Park-Bergen Beach-Mill Basin
3069602,BK45,Georgetown-Marine Park-Bergen Beach-Mill Basin
3069800,BK45,Georgetown-Marine Park-Bergen Beach-Mill Basin
3070000,BK45,Georgetown-Marine Park-Bergen Beach-Mill Basin
3070201,BK45,Georgetown-Marine Park-Bergen Beach-Mill Basin
3070202,BK99,park-cemetery-etc-Brooklyn
3070203,BK99,park-cemetery-etc-Brooklyn
3070600,BK45,Georgetown-Marine Park-Bergen Beach-Mill Basin
3072000,BK58,Flatlands
3072200,BK58,Flatlands
3072400,BK58,Flatlands
3072600,BK58,Flatlands
3072800,BK58,Flatlands
3073000,BK58,Flatlands
3073200,BK58,Flatlands
3073400,BK58,Flatlands
3073600,BK58,Flatlands
3073800,BK58,Flatlands
3074000,BK58,Flatlands
3074200,BK58,Flatlands
3074400,BK58,Flatlands
3074600,BK58,Flatlands
3074800,BK43,Midwood
3075000,BK43,Midwood
3075200,BK43,Midwood
3075400,BK43,Midwood
3075600,BK43,Midwood
3075800,BK43,Midwood
3076000,BK43,Midwood
3076200,BK43,Midwood
3076400,BK42,Flatbush
3076600,BK42,Flatbush
3076800,BK43,Midwood
3077000,BK42,Flatbush
3077200,BK42,Flatbush
3077400,BK42,Flatbush
3077600,BK58,Flatlands
3078000,BK91,East Flatbush-Farragut
3078200,BK91,East Flatbush-Farragut
3078400,BK91,East Flatbush-Farragut
3078600,BK42,Flatbush
3078800,BK42,Flatbush
3079000,BK95,Erasmus
3079200,BK95,Erasmus
3079400,BK95,Erasmus
3079601,BK60,Prospect Lefferts Gardens-Wingate
3079602,BK60,Prospect Lefferts Gardens-Wingate
3079801,BK60,Prospect Lefferts Gardens-Wingate
3079802,BK60,Prospect Lefferts Gardens-Wingate
3080000,BK60,Prospect Lefferts Gardens-Wingate
3080200,BK60,Prospect Lefferts Gardens-Wingate
3080400,BK60,Prospect Lefferts Gardens-Wingate
3080600,BK60,Prospect Lefferts Gardens-Wingate
3080800,BK60,Prospect Lefferts Gardens-Wingate
3081000,BK60,Prospect Lefferts Gardens-Wingate
3081400,BK91,East Flatbush-Farragut
3081600,BK91,East Flatbush-Farragut
3081800,BK95,Erasmus
3082000,BK60,Prospect Lefferts Gardens-Wingate
3082200,BK60,Prospect Lefferts Gardens-Wingate
3082400,BK95,Erasmus
3082600,BK95,Erasmus
3082800,BK95,Erasmus
3083000,BK91,East Flatbush-Farragut
3083200,BK91,East Flatbush-Farragut
3083400,BK91,East Flatbush-Farragut
3083600,BK91,East Flatbush-Farragut
3083800,BK91,East Flatbush-Farragut
3084000,BK91,East Flatbush-Farragut
3084600,BK96,Rugby-Remsen Village
3084800,BK96,Rugby-Remsen Village
3085000,BK91,East Flatbush-Farragut
3085200,BK99,park-cemetery-etc-Brooklyn
3085400,BK91,East Flatbush-Farragut
3085600,BK91,East Flatbush-Farragut
3085800,BK91,East Flatbush-Farragut
3086000,BK91,East Flatbush-Farragut
3086200,BK96,Rugby-Remsen Village
3086400,BK96,Rugby-Remsen Village
3086600,BK96,Rugby-Remsen Village
3086800,BK96,Rugby-Remsen Village
3087000,BK91,East Flatbush-Farragut
3087200,BK91,East Flatbush-Farragut
3087401,BK60,Prospect Lefferts Gardens-Wingate
3087600,BK60,Prospect Lefferts Gardens-Wingate
3087800,BK60,Prospect Lefferts Gardens-Wingate
3088000,BK60,Prospect Lefferts Gardens-Wingate
3088200,BK96,Rugby-Remsen Village
3088400,BK96,Rugby-Remsen Village
3088600,BK96,Rugby-Remsen Village
3088800,BK96,Rugby-Remsen Village
3089000,BK96,Rugby-Remsen Village
3089200,BK81,Brownsville
3089400,BK81,Brownsville
3089600,BK81,Brownsville
3089800,BK81,Brownsville
3090000,BK81,Brownsville
3090200,BK81,Brownsville
3090600,BK81,Brownsville
3090800,BK81,Brownsville
3091000,BK81,Brownsville
3091200,BK81,Brownsville
3091600,BK81,Brownsville
3091800,BK81,Brownsville
3092000,BK81,Brownsville
3092200,BK81,Brownsville
3092400,BK81,Brownsville
3092800,BK96,Rugby-Remsen Village
3093000,BK96,Rugby-Remsen Village
3093200,BK91,East Flatbush-Farragut
3093400,BK96,Rugby-Remsen Village
3093600,BK96,Rugby-Remsen Village
3093800,BK96,Rugby-Remsen Village
3094401,BK58,Flatlands
3094402,BK58,Flatlands
3094600,BK96,Rugby-Remsen Village
3095000,BK50,Canarsie
3095400,BK50,Canarsie
3095600,BK50,Canarsie
3095800,BK50,Canarsie
3096000,BK50,Canarsie
3096200,BK50,Canarsie
3096400,BK50,Canarsie
3096600,BK50,Canarsie
3096800,BK50,Canarsie
3097000,BK50,Canarsie
3097400,BK50,Canarsie
3098200,BK50,Canarsie
3098400,BK50,Canarsie
3098600,BK50,Canarsie
3098800,BK50,Canarsie
3099000,BK50,Canarsie
3099200,BK50,Canarsie
3099400,BK50,Canarsie
3099600,BK50,Canarsie
3099800,BK50,Canarsie
3100400,BK50,Canarsie
3100600,BK50,Canarsie
3100800,BK50,Canarsie
3101000,BK50,Canarsie
3101200,BK50,Canarsie
3101400,BK50,Canarsie
3101600,BK50,Canarsie
3101800,BK50,Canarsie
3102000,BK50,Canarsie
3102200,BK50,Canarsie
3102400,BK50,Canarsie
3102600,BK50,Canarsie
3102800,BK50,Canarsie
3103400,BK50,Canarsie
3105801,BK93,Starrett City
3105804,BK93,Starrett City
3107000,BK82,East New York
3107800,BK82,East New York
3109800,BK82,East New York
3110400,BK82,East New York
3110600,BK82,East New York
3111000,BK82,East New York
3111600,BK82,East New York
3111800,BK82,East New York
3112000,BK82,East New York
3112200,BK85,East New York (Pennsylvania Ave)
3112400,BK82,East New York
3112600,BK85,East New York (Pennsylvania Ave)
3112800,BK85,East New York (Pennsylvania Ave)
3113000,BK85,East New York (Pennsylvania Ave)
3113200,BK85,East New York (Pennsylvania Ave)
3113400,BK85,East New York (Pennsylvania Ave)
3114201,BK83,Cypress Hills-City Line
3114202,BK83,Cypress Hills-City Line
3114400,BK85,East New York (Pennsylvania Ave)
3114600,BK83,Cypress Hills-City Line
3115000,BK82,East New York
3115200,BK82,East New York
3115600,BK85,East New York (Pennsylvania Ave)
3115800,BK85,East New York (Pennsylvania Ave)
3116000,BK82,East New York
3116200,BK82,East New York
3116400,BK82,East New York
3116600,BK82,East New York
3116800,BK82,East New York
3117000,BK82,East New York
3117201,BK83,Cypress Hills-City Line
3117202,BK83,Cypress Hills-City Line
3117400,BK83,Cypress Hills-City Line
3117601,BK83,Cypress Hills-City Line
3117602,BK83,Cypress Hills-City Line
3117800,BK83,Cypress Hills-City Line
3118000,BK99,park-cemetery-etc-Brooklyn
3118201,BK83,Cypress Hills-City Line
3118202,BK83,Cypress Hills-City Line
3118400,BK83,Cypress Hills-City Line
3118600,BK83,Cypress Hills-City Line
3118800,BK83,Cypress Hills-City Line
3119000,BK83,Cypress Hills-City Line
3119200,BK82,East New York
3119400,BK82,East New York
3119600,BK82,East New York
3119800,BK82,East New York
3120000,BK82,East New York
3120200,BK83,Cypress Hills-City Line
3120800,BK82,East New York
3121000,BK82,East New York
3121400,BK82,East New York
3122000,BK82,East New York
3123700,BK75,Bedford
3150200,BK40,Windsor Terrace
3152200,BK42,Flatbush
3990100,BK99,park-cemetery-etc-Brooklyn
4000100,QN31,Hunters Point-Sunnyside-West Maspeth
4000200,QN53,Woodhaven
4000400,QN53,Woodhaven
4000600,QN53,Woodhaven
4000700,QN31,Hunters Point-Sunnyside-West Maspeth
4000800,QN53,Woodhaven
4001000,QN53,Woodhaven
4001200,QN53,Woodhaven
4001400,QN53,Woodhaven
4001600,QN53,Woodhaven
4001800,QN53,Woodhaven
4001900,QN31,Hunters Point-Sunnyside-West Maspeth
4002000,QN53,Woodhaven
4002200,QN53,Woodhaven
4002400,QN54,Richmond Hill
4002500,QN68,Queensbridge-Ravenswood-Long Island City
4002600,QN54,Richmond Hill
4002800,QN54,Richmond Hill
4003000,QN53,Woodhaven
4003100,QN68,Queensbridge-Ravenswood-Long Island City
4003200,QN53,Woodhaven
4003300,QN68,Queensbridge-Ravenswood-Long Island City
4003400,QN53,Woodhaven
4003600,QN53,Woodhaven
4003700,QN68,Queensbridge-Ravenswood-Long Island City
4003800,QN53,Woodhaven
4003900,QN68,Queensbridge-Ravenswood-Long Island City
4004001,QN53,Woodhaven
4004002,QN56,Ozone Park
4004200,QN53,Woodhaven
4004300,QN68,Queensbridge-Ravenswood-Long Island City
4004401,QN56,Ozone Park
4004500,QN70,Astoria
4004700,QN70,Astoria
4005000,QN56,Ozone Park
4005100,QN68,Queensbridge-Ravenswood-Long Island City
4005200,QN53,Woodhaven
4005300,QN70,Astoria
4005400,QN56,Ozone Park
4005500,QN68,Queensbridge-Ravenswood-Long Island City
4005700,QN70,Astoria
4005800,QN56,Ozone Park
4005900,QN70,Astoria
4006100,QN70,Astoria
4006201,QN57,Lindenwood-Howard Beach
4006202,QN57,Lindenwood-Howard Beach
4006300,QN70,Astoria
4006501,QN70,Astoria
4006502,QN70,Astoria
4006900,QN71,Old Astoria
4007100,QN71,Old Astoria
4007300,QN71,Old Astoria
4007500,QN70,Astoria
4007700,QN70,Astoria
4007900,QN71,Old Astoria
4008100,QN71,Old Astoria
4008300,QN71,Old Astoria
4008500,QN68,Queensbridge-Ravenswood-Long Island City
4008600,QN56,Ozone Park
4008700,QN71,Old Astoria
4008800,QN56,Ozone Park
4009100,QN71,Old Astoria
4009400,QN55,South Ozone Park
4009500,QN72,Steinway
4009600,QN55,South Ozone Park
4009700,QN72,Steinway
4009800,QN55,South Ozone Park
4009900,QN99,park-cemetery-etc-Queens
4010000,QN55,South Ozone Park
4010100,QN72,Steinway
4010200,QN55,South Ozone Park
4010300,QN72,Steinway
4010400,QN55,South Ozone Park
4010500,QN72,Steinway
4010600,QN55,South Ozone Park
4010701,QN72,Steinway
4010800,QN54,Richmond Hill
4011000,QN54,Richmond Hill
4011100,QN72,Steinway
4011200,QN54,Richmond Hill
4011300,QN72,Steinway
4011400,QN54,Richmond Hill
4011500,QN72,Steinway
4011600,QN54,Richmond Hill
4011700,QN72,Steinway
4011800,QN54,Richmond Hill
4011900,QN72,Steinway
4012000,QN54,Richmond Hill
4012100,QN72,Steinway
4012200,QN54,Richmond Hill
4012301,QN72,Steinway
4012400,QN54,Richmond Hill
4012500,QN72,Steinway
4012601,QN54,Richmond Hill
4012602,QN54,Richmond Hill
4012800,QN54,Richmond Hill
4013000,QN54,Richmond Hill
4013200,QN54,Richmond Hill
4013400,QN60,Kew Gardens
4013500,QN72,Steinway
4013600,QN60,Kew Gardens
4013700,QN72,Steinway
4013800,QN60,Kew Gardens
4014000,QN60,Kew Gardens
4014100,QN70,Astoria
4014201,QN54,Richmond Hill
4014202,QN54,Richmond Hill
4014300,QN70,Astoria
4014400,QN54,Richmond Hill
4014500,QN70,Astoria
4014700,QN70,Astoria
4014800,QN54,Richmond Hill
4014900,QN70,Astoria
4015000,QN54,Richmond Hill
4015100,QN70,Astoria
4015200,QN54,Richmond Hill
4015300,QN70,Astoria
4015400,QN54,Richmond Hill
4015500,QN70,Astoria
4015600,QN54,Richmond Hill
4015700,QN70,Astoria
4015801,QN55,South Ozone Park
4015802,QN55,South Ozone Park
4015900,QN70,Astoria
4016100,QN70,Astoria
4016300,QN70,Astoria
4016400,QN55,South Ozone Park
4016600,QN55,South Ozone Park
4016800,QN55,South Ozone Park
4016900,QN31,Hunters Point-Sunnyside-West Maspeth
4017000,QN55,South Ozone Park
4017100,QN31,Hunters Point-Sunnyside-West Maspeth
4017200,QN55,South Ozone Park
4017400,QN55,South Ozone Park
4017600,QN55,South Ozone Park
4017800,QN55,South Ozone Park
4017900,QN31,Hunters Point-Sunnyside-West Maspeth
4018000,QN55,South Ozone Park
4018101,QN31,Hunters Point-Sunnyside-West Maspeth
4018102,QN31,Hunters Point-Sunnyside-West Maspeth
4018200,QN76,Baisley Park
4018300,QN31,Hunters Point-Sunnyside-West Maspeth
4018401,QN76,Baisley Park
4018402,QN76,Baisley Park
4018501,QN31,Hunters Point-Sunnyside-West Maspeth
4018502,QN31,Hunters Point-Sunnyside-West Maspeth
4018600,QN76,Baisley Park
4018700,QN31,Hunters Point-Sunnyside-West Maspeth
4018800,QN76,Baisley Park
4018900,QN31,Hunters Point-Sunnyside-West Maspeth
4019000,QN76,Baisley Park
4019200,QN76,Baisley Park
4019400,QN01,South Jamaica
4019600,QN01,South Jamaica
4019800,QN01,South Jamaica
4019900,QN31,Hunters Point-Sunnyside-West Maspeth
4020200,QN01,South Jamaica
4020400,QN61,Jamaica
4020500,QN31,Hunters Point-Sunnyside-West Maspeth
4020600,QN61,Jamaica
4020800,QN61,Jamaica
4021200,QN61,Jamaica
4021400,QN35,Briarwood-Jamaica Hills
4021600,QN60,Kew Gardens
4021900,QN31,Hunters Point-Sunnyside-West Maspeth
4022001,QN35,Briarwood-Jamaica Hills
4022002,QN35,Briarwood-Jamaica Hills
4022900,QN99,park-cemetery-etc-Queens
4023000,QN35,Briarwood-Jamaica Hills
4023200,QN35,Briarwood-Jamaica Hills
4023500,QN31,Hunters Point-Sunnyside-West Maspeth
4023600,QN35,Briarwood-Jamaica Hills
4023800,QN61,Jamaica
4024000,QN61,Jamaica
4024300,QN50,Elmhurst-Maspeth
4024500,QN63,Woodside
4024600,QN61,Jamaica
4024700,QN63,Woodside
4024900,QN63,Woodside
4025100,QN63,Woodside
4025301,QN31,Hunters Point-Sunnyside-West Maspeth
4025302,QN31,Hunters Point-Sunnyside-West Maspeth
4025400,QN01,South Jamaica
4025500,QN63,Woodside
4025700,QN63,Woodside
4025800,QN01,South Jamaica
4025900,QN63,Woodside
4026000,QN01,South Jamaica
4026100,QN63,Woodside
4026200,QN01,South Jamaica
4026300,QN63,Woodside
4026400,QN01,South Jamaica
4026500,QN50,Elmhurst-Maspeth
4026600,QN01,South Jamaica
4026700,QN29,Elmhurst
4026901,QN29,Elmhurst
4026902,QN29,Elmhurst
4027000,QN01,South Jamaica
4027100,QN29,Elmhurst
4027200,QN76,Baisley Park
4027300,QN28,Jackson Heights
4027400,QN76,Baisley Park
4027500,QN28,Jackson Heights
4027600,QN76,Baisley Park
4027700,QN28,Jackson Heights
4027800,QN76,Baisley Park
4027900,QN28,Jackson Heights
4028000,QN08,St. Albans
4028100,QN28,Jackson Heights
4028200,QN08,St. Albans
4028300,QN28,Jackson Heights
4028400,QN76,Baisley Park
4028500,QN28,Jackson Heights
4028700,QN28,Jackson Heights
4028800,QN76,Baisley Park
4028900,QN28,Jackson Heights
4029100,QN28,Jackson Heights
4029300,QN63,Woodside
4029400,QN02,Springfield Gardens North
4029500,QN63,Woodside
4029700,QN63,Woodside
4029900,QN99,park-cemetery-etc-Queens
4030600,QN03,Springfield Gardens South-Brookville
4030902,QN28,Jackson Heights
4030903,QN28,Jackson Heights
4030904,QN28,Jackson Heights
4031700,QN72,Steinway
4032000,QN03,Springfield Gardens South-Brookville
4032700,QN28,Jackson Heights
4032800,QN66,Laurelton
4032900,QN28,Jackson Heights
4033000,QN02,Springfield Gardens North
4033100,QN98,Airport
4033401,QN08,St. Albans
4033402,QN02,Springfield Gardens North
4033700,QN28,Jackson Heights
4033900,QN28,Jackson Heights
4034700,QN28,Jackson Heights
4035100,QN28,Jackson Heights
4035200,QN08,St. Albans
4035300,QN27,East Elmhurst
4035700,QN27,East Elmhurst
4035800,QN66,Laurelton
4036100,QN27,East Elmhurst
4036300,QN27,East Elmhurst
4036500,QN27,East Elmhurst
4036600,QN08,St. Albans
4036700,QN27,East Elmhurst
4036800,QN08,St. Albans
4037100,QN27,East Elmhurst
4037300,QN27,East Elmhurst
4037500,QN26,North Corona
4037600,QN08,St. Albans
4037700,QN26,North Corona
4037900,QN26,North Corona
4038100,QN26,North Corona
4038301,QN99,park-cemetery-etc-Queens
4038302,QN99,park-cemetery-etc-Queens
4038400,QN08,St. Albans
4039400,QN08,St. Albans
4039800,QN08,St. Albans
4039900,QN25,Corona
4040000,QN08,St. Albans
4040100,QN26,North Corona
4040200,QN08,St. Albans
4040300,QN26,North Corona
4040400,QN08,St. Albans
4040500,QN26,North Corona
4040700,QN26,North Corona
4040900,QN26,North Corona
4041100,QN25,Corona
4041300,QN25,Corona
4041400,QN01,South Jamaica
4041500,QN25,Corona
4042400,QN08,St. Albans
4042600,QN08,St. Albans
4042700,QN25,Corona
4043200,QN08,St. Albans
4043400,QN01,South Jamaica
4043701,QN25,Corona
4043702,QN25,Corona
4043900,QN25,Corona
4044000,QN01,South Jamaica
4044301,QN25,Corona
4044302,QN25,Corona
4044400,QN61,Jamaica
4044601,QN61,Jamaica
4044602,QN61,Jamaica
4044800,QN35,Briarwood-Jamaica Hills
4045000,QN35,Briarwood-Jamaica Hills
4045200,QN35,Briarwood-Jamaica Hills
4045400,QN35,Briarwood-Jamaica Hills
4045500,QN25,Corona
4045600,QN35,Briarwood-Jamaica Hills
4045700,QN29,Elmhurst
4045800,QN06,Jamaica Estates-Holliswood
4045900,QN29,Elmhurst
4046000,QN61,Jamaica
4046100,QN29,Elmhurst
4046200,QN61,Jamaica
4046300,QN29,Elmhurst
4046400,QN06,Jamaica Estates-Holliswood
4046500,QN29,Elmhurst
4046600,QN06,Jamaica Estates-Holliswood
4046700,QN29,Elmhurst
4046800,QN61,Jamaica
4046900,QN29,Elmhurst
4047000,QN61,Jamaica
4047100,QN29,Elmhurst
4047200,QN06,Jamaica Estates-Holliswood
4047300,QN29,Elmhurst
4047500,QN29,Elmhurst
4047600,QN06,Jamaica Estates-Holliswood
4047800,QN06,Jamaica Estates-Holliswood
4047900,QN50,Elmhurst-Maspeth
4048000,QN61,Jamaica
4048100,QN29,Elmhurst
4048200,QN07,Hollis
4048300,QN50,Elmhurst-Maspeth
4048400,QN07,Hollis
4048500,QN50,Elmhurst-Maspeth
4048900,QN50,Elmhurst-Maspeth
4049200,QN06,Jamaica Estates-Holliswood
4049301,QN30,Maspeth
4049302,QN30,Maspeth
4049500,QN30,Maspeth
4049600,QN34,Queens Village
4049700,QN30,Maspeth
4049900,QN29,Elmhurst
4050000,QN07,Hollis
4050201,QN07,Hollis
4050202,QN07,Hollis
4050400,QN07,Hollis
4050500,QN21,Middle Village
4050600,QN07,Hollis
4050700,QN21,Middle Village
4050800,QN07,Hollis
4051000,QN07,Hollis
4051100,QN30,Maspeth
4051200,QN34,Queens Village
4051300,QN30,Maspeth
4051500,QN30,Maspeth
4051600,QN34,Queens Village
4051700,QN30,Maspeth
4051800,QN08,St. Albans
4052000,QN08,St. Albans
4052100,QN30,Maspeth
4052200,QN08,St. Albans
4052400,QN08,St. Albans
4052500,QN30,Maspeth
4052600,QN08,St. Albans
4052800,QN08,St. Albans
4053000,QN08,St. Albans
4053100,QN30,Maspeth
4053200,QN34,Queens Village
4053401,QN33,Cambria Heights
4053500,QN30,Maspeth
4053601,QN34,Queens Village
4053800,QN34,Queens Village
4053900,QN20,Ridgewood
4054000,QN34,Queens Village
4054200,QN34,Queens Village
4054500,QN20,Ridgewood
4054700,QN20,Ridgewood
4054800,QN34,Queens Village
4054900,QN20,Ridgewood
4055100,QN20,Ridgewood
4055200,QN34,Queens Village
4055300,QN20,Ridgewood
4055400,QN34,Queens Village
4055500,QN20,Ridgewood
4055600,QN34,Queens Village
4055700,QN20,Ridgewood
4055800,QN34,Queens Village
4055900,QN20,Ridgewood
4056000,QN34,Queens Village
4056100,QN99,park-cemetery-etc-Queens
4056200,QN34,Queens Village
4056400,QN34,Queens Village
4056500,QN19,Glendale
4056600,QN34,Queens Village
4056700,QN19,Glendale
4056800,QN34,Queens Village
4057700,QN19,Glendale
4057900,QN19,Glendale
4058000,QN34,Queens Village
4058100,QN20,Ridgewood
4058200,QN34,Queens Village
4058300,QN20,Ridgewood
4058500,QN20,Ridgewood
4058700,QN20,Ridgewood
4058900,QN20,Ridgewood
4059000,QN33,Cambria Heights
4059100,QN20,Ridgewood
4059200,QN33,Cambria Heights
4059300,QN20,Ridgewood
4059400,QN33,Cambria Heights
4059500,QN20,Ridgewood
4059600,QN33,Cambria Heights
4059800,QN33,Cambria Heights
4059900,QN30,Maspeth
4060000,QN33,Cambria Heights
4060100,QN30,Maspeth
4060300,QN21,Middle Village
4060600,QN33,Cambria Heights
4060701,QN21,Middle Village
4060800,QN33,Cambria Heights
4061000,QN33,Cambria Heights
4061200,QN33,Cambria Heights
4061301,QN20,Ridgewood
4061302,QN20,Ridgewood
4061400,QN33,Cambria Heights
4061601,QN66,Laurelton
4061602,QN05,Rosedale
4061800,QN66,Laurelton
4061900,QN21,Middle Village
4062000,QN66,Laurelton
4062100,QN21,Middle Village
4062200,QN33,Cambria Heights
4062300,QN19,Glendale
4062400,QN99,park-cemetery-etc-Queens
4062500,QN19,Glendale
4062600,QN66,Laurelton
4062700,QN19,Glendale
4062900,QN19,Glendale
4063000,QN66,Laurelton
4063200,QN66,Laurelton
4063301,QN19,Glendale
4063302,QN19,Glendale
4063500,QN19,Glendale
4063700,QN19,Glendale
4063800,QN05,Rosedale
4063900,QN19,Glendale
4064101,QN53,Woodhaven
4064102,QN99,park-cemetery-etc-Queens
4064500,QN17,Forest Hills
4064600,QN66,Laurelton
4065000,QN66,Laurelton
4065400,QN05,Rosedale
4065501,QN21,Middle Village
4065600,QN05,Rosedale
4065702,QN21,Middle Village
4065703,QN21,Middle Village
4065900,QN21,Middle Village
4066000,QN05,Rosedale
4066100,QN21,Middle Village
4066300,QN21,Middle Village
4066400,QN05,Rosedale
4066501,QN21,Middle Village
4066701,QN21,Middle Village
4066900,QN21,Middle Village
4067100,QN21,Middle Village
4067700,QN21,Middle Village
4067900,QN21,Middle Village
4068000,QN03,Springfield Gardens South-Brookville
4068200,QN66,Laurelton
4068300,QN29,Elmhurst
4068700,QN18,Rego Park
4069000,QN03,Springfield Gardens South-Brookville
4069300,QN18,Rego Park
4069400,QN03,Springfield Gardens South-Brookville
4069500,QN18,Rego Park
4069701,QN18,Rego Park
4069702,QN18,Rego Park
4070300,QN18,Rego Park
4070700,QN17,Forest Hills
4070900,QN17,Forest Hills
4071100,QN17,Forest Hills
4071303,QN17,Forest Hills
4071304,QN17,Forest Hills
4071305,QN17,Forest Hills
4071306,QN17,Forest Hills
4071600,QN98,Airport
4071701,QN18,Rego Park
4071702,QN18,Rego Park
4071900,QN17,Forest Hills
4072100,QN17,Forest Hills
4072300,QN17,Forest Hills
4072900,QN17,Forest Hills
4073100,QN17,Forest Hills
4073700,QN17,Forest Hills
4073900,QN17,Forest Hills
4074100,QN17,Forest Hills
4074300,QN17,Forest Hills
4074500,QN17,Forest Hills
4074700,QN17,Forest Hills
4074900,QN17,Forest Hills
4075701,QN17,Forest Hills
4075702,QN17,Forest Hills
4076901,QN17,Forest Hills
4076902,QN17,Forest Hills
4077300,QN60,Kew Gardens
4077500,QN60,Kew Gardens
4077902,QN37,Kew Gardens Hills
4077903,QN37,Kew Gardens Hills
4077904,QN37,Kew Gardens Hills
4077905,QN37,Kew Gardens Hills
4077906,QN37,Kew Gardens Hills
4077907,QN37,Kew Gardens Hills
4077908,QN37,Kew Gardens Hills
4078800,QN76,Baisley Park
4079000,QN76,Baisley Park
4079200,QN76,Baisley Park
4079300,QN99,park-cemetery-etc-Queens
4079701,QN22,Flushing
4079702,QN22,Flushing
4079900,QN62,Queensboro Hill
4080301,QN62,Queensboro Hill
4080302,QN62,Queensboro Hill
4080900,QN37,Kew Gardens Hills
4081400,QN55,South Ozone Park
4081800,QN55,South Ozone Park
4083700,QN62,Queensboro Hill
4083800,QN55,South Ozone Park
4084000,QN55,South Ozone Park
4084500,QN22,Flushing
4084601,QN55,South Ozone Park
4084602,QN55,South Ozone Park
4084900,QN22,Flushing
4085300,QN22,Flushing
4085500,QN22,Flushing
4085700,QN22,Flushing
4085900,QN22,Flushing
4086100,QN52,East Flushing
4086300,QN51,Murray Hill
4086400,QN55,South Ozone Park
4086500,QN22,Flushing
4086900,QN22,Flushing
4087100,QN22,Flushing
4088400,QN57,Lindenwood-Howard Beach
4088901,QN22,Flushing
4089200,QN57,Lindenwood-Howard Beach
4090700,QN23,College Point
4091601,QN10,Breezy Point-Belle Harbor-Rockaway Park-Broad Channel
4091602,QN99,park-cemetery-etc-Queens
4091800,QN99,park-cemetery-etc-Queens
4091900,QN23,College Point
4092200,QN10,Breezy Point-Belle Harbor-Rockaway Park-Broad Channel
4092500,QN23,College Point
4092800,QN10,Breezy Point-Belle Harbor-Rockaway Park-Broad Channel
4092900,QN23,College Point
4093401,QN10,Breezy Point-Belle Harbor-Rockaway Park-Broad Channel
4093402,QN10,Breezy Point-Belle Harbor-Rockaway Park-Broad Channel
4093800,QN10,Breezy Point-Belle Harbor-Rockaway Park-Broad Channel
4093900,QN23,College Point
4094201,QN10,Breezy Point-Belle Harbor-Rockaway Park-Broad Channel
4094202,QN12,Hammels-Arverne-Edgemere
4094203,QN12,Hammels-Arverne-Edgemere
4094500,QN49,Whitestone
4094700,QN23,College Point
4095400,QN12,Hammels-Arverne-Edgemere
4096400,QN12,Hammels-Arverne-Edgemere
4097202,QN12,Hammels-Arverne-Edgemere
4097203,QN12,Hammels-Arverne-Edgemere
4097204,QN12,Hammels-Arverne-Edgemere
4097300,QN49,Whitestone
4098100,QN49,Whitestone
4098700,QN49,Whitestone
4099100,QN49,Whitestone
4099200,QN12,Hammels-Arverne-Edgemere
4099701,QN47,Ft. Totten-Bay Terrace-Clearview
4099703,QN47,Ft. Totten-Bay Terrace-Clearview
4099704,QN47,Ft. Totten-Bay Terrace-Clearview
4099705,QN47,Ft. Totten-Bay Terrace-Clearview
4099801,QN15,Far Rockaway-Bayswater
4099802,QN15,Far Rockaway-Bayswater
4099900,QN47,Ft. Totten-Bay Terrace-Clearview
4100801,QN15,Far Rockaway-Bayswater
4100802,QN15,Far Rockaway-Bayswater
4101001,QN15,Far Rockaway-Bayswater
4101002,QN15,Far Rockaway-Bayswater
4101700,QN47,Ft. Totten-Bay Terrace-Clearview
4102900,QN49,Whitestone
4103201,QN15,Far Rockaway-Bayswater
4103202,QN15,Far Rockaway-Bayswater
4103300,QN49,Whitestone
4103900,QN49,Whitestone
4104700,QN51,Murray Hill
4105900,QN51,Murray Hill
4107201,QN10,Breezy Point-Belle Harbor-Rockaway Park-Broad Channel
4107202,QN99,park-cemetery-etc-Queens
4108500,QN46,Bayside-Bayside Hills
4109300,QN46,Bayside-Bayside Hills
4109700,QN46,Bayside-Bayside Hills
4109900,QN46,Bayside-Bayside Hills
4111300,QN46,Bayside-Bayside Hills
4112300,QN46,Bayside-Bayside Hills
4112900,QN46,Bayside-Bayside Hills
4113300,QN46,Bayside-Bayside Hills
4113900,QN48,Auburndale
4114100,QN51,Murray Hill
4114700,QN51,Murray Hill
4115100,QN51,Murray Hill
4115500,QN51,Murray Hill
4115700,QN51,Murray Hill
4115900,QN51,Murray Hill
4116100,QN22,Flushing
4116300,QN51,Murray Hill
4116700,QN51,Murray Hill
4117100,QN51,Murray Hill
4117500,QN51,Murray Hill
4118100,QN48,Auburndale
4118500,QN52,East Flushing
4118700,QN52,East Flushing
4118900,QN52,East Flushing
4119100,QN52,East Flushing
4119300,QN52,East Flushing
4119500,QN52,East Flushing
4119900,QN52,East Flushing
4120100,QN52,East Flushing
4120300,QN52,East Flushing
4120500,QN52,East Flushing
4120700,QN52,East Flushing
4121100,QN99,park-cemetery-etc-Queens
4121500,QN62,Queensboro Hill
4122300,QN38,Pomonok-Flushing Heights-Hillcrest
4122701,QN38,Pomonok-Flushing Heights-Hillcrest
4122702,QN38,Pomonok-Flushing Heights-Hillcrest
4124100,QN38,Pomonok-Flushing Heights-Hillcrest
4124700,QN38,Pomonok-Flushing Heights-Hillcrest
4125700,QN37,Kew Gardens Hills
4126500,QN38,Pomonok-Flushing Heights-Hillcrest
4126700,QN38,Pomonok-Flushing Heights-Hillcrest
4127700,QN06,Jamaica Estates-Holliswood
4128300,QN99,park-cemetery-etc-Queens
4129102,QN42,Oakland Gardens
4129103,QN42,Oakland Gardens
4129104,QN42,Oakland Gardens
4130100,QN43,Bellerose
4133300,QN41,Fresh Meadows-Utopia
4133900,QN41,Fresh Meadows-Utopia
4134100,QN41,Fresh Meadows-Utopia
4134700,QN41,Fresh Meadows-Utopia
4136700,QN42,Oakland Gardens
4137700,QN42,Oakland Gardens
4138501,QN42,Oakland Gardens
4138502,QN99,park-cemetery-etc-Queens
4139900,QN46,Bayside-Bayside Hills
4140300,QN46,Bayside-Bayside Hills
4140901,QN46,Bayside-Bayside Hills
4140902,QN48,Auburndale
4141700,QN48,Auburndale
4142900,QN48,Auburndale
4143500,QN46,Bayside-Bayside Hills
4144100,QN46,Bayside-Bayside Hills
4144700,QN46,Bayside-Bayside Hills
4145101,QN48,Auburndale
4145102,QN46,Bayside-Bayside Hills
4145900,QN48,Auburndale
4146300,QN46,Bayside-Bayside Hills
4146700,QN46,Bayside-Bayside Hills
4147100,QN46,Bayside-Bayside Hills
4147900,QN45,Douglas Manor-Douglaston-Little Neck
4148300,QN45,Douglas Manor-Douglaston-Little Neck
4150701,QN45,Douglas Manor-Douglaston-Little Neck
4150702,QN45,Douglas Manor-Douglaston-Little Neck
4152901,QN45,Douglas Manor-Douglaston-Little Neck
4152902,QN45,Douglas Manor-Douglaston-Little Neck
4155101,QN44,Glen Oaks-Floral Park-New Hyde Park
4155102,QN44,Glen Oaks-Floral Park-New Hyde Park
4156700,QN43,Bellerose
4157101,QN43,Bellerose
4157102,QN43,Bellerose
4157901,QN44,Glen Oaks-Floral Park-New Hyde Park
4157902,QN44,Glen Oaks-Floral Park-New Hyde Park
4157903,QN44,Glen Oaks-Floral Park-New Hyde Park
4161700,QN43,Bellerose
4162100,QN43,Bellerose
4990100,QN99,park-cemetery-etc-Queens
5000300,SI22,West New Brighton-New Brighton-St. George
5000600,SI37,Stapleton-Rosebank
5000700,SI22,West New Brighton-New Brighton-St. George
5000800,SI37,Stapleton-Rosebank
5000900,SI22,West New Brighton-New Brighton-St. George
5001100,SI22,West New Brighton-New Brighton-St. George
5001700,SI37,Stapleton-Rosebank
5001800,SI14,Grasmere-Arrochar-Ft. Wadsworth
5002001,SI37,Stapleton-Rosebank
5002002,SI14,Grasmere-Arrochar-Ft. Wadsworth
5002100,SI37,Stapleton-Rosebank
5002700,SI37,Stapleton-Rosebank
5002900,SI37,Stapleton-Rosebank
5003300,SI08,Grymes Hill-Clifton-Fox Hills
5003600,SI37,Stapleton-Rosebank
5003900,SI08,Grymes Hill-Clifton-Fox Hills
5004000,SI08,Grymes Hill-Clifton-Fox Hills
5004700,SI08,Grymes Hill-Clifton-Fox Hills
5005000,SI14,Grasmere-Arrochar-Ft. Wadsworth
5005900,SI35,New Brighton-Silver Lake
5006400,SI14,Grasmere-Arrochar-Ft. Wadsworth
5006700,SI35,New Brighton-Silver Lake
5007000,SI36,Old Town-Dongan Hills-South Beach
5007400,SI14,Grasmere-Arrochar-Ft. Wadsworth
5007500,SI35,New Brighton-Silver Lake
5007700,SI22,West New Brighton-New Brighton-St. George
5008100,SI22,West New Brighton-New Brighton-St. George
5008900,SI22,West New Brighton-New Brighton-St. George
5009601,SI36,Old Town-Dongan Hills-South Beach
5009602,SI36,Old Town-Dongan Hills-South Beach
5009700,SI22,West New Brighton-New Brighton-St. George
5010500,SI35,New Brighton-Silver Lake
5011201,SI36,Old Town-Dongan Hills-South Beach
5011202,SI45,New Dorp-Midland Beach
5011401,SI36,Old Town-Dongan Hills-South Beach
5011402,SI45,New Dorp-Midland Beach
5012100,SI35,New Brighton-Silver Lake
5012200,SI45,New Dorp-Midland Beach
5012500,SI22,West New Brighton-New Brighton-St. George
5012804,SI45,New Dorp-Midland Beach
5012805,SI25,Oakwood-Oakwood Beach
5012806,SI25,Oakwood-Oakwood Beach
5013201,SI25,Oakwood-Oakwood Beach
5013203,SI54,Great Kills
5013204,SI25,Oakwood-Oakwood Beach
5013301,SI22,West New Brighton-New Brighton-St. George
5013302,SI22,West New Brighton-New Brighton-St. George
5013400,SI45,New Dorp-Midland Beach
5013800,SI25,Oakwood-Oakwood Beach
5014100,SI22,West New Brighton-New Brighton-St. George
5014604,SI54,Great Kills
5014605,SI54,Great Kills
5014606,SI54,Great Kills
5014607,SI54,Great Kills
5014608,SI54,Great Kills
5014700,SI07,Westerleigh
5015100,SI07,Westerleigh
5015400,SI99,park-cemetery-etc-Staten Island
5015601,SI54,Great Kills
5015602,SI01,Annadale-Huguenot-Prince's Bay-Eltingville
5015603,SI54,Great Kills
5016901,SI07,Westerleigh
5017005,SI01,Annadale-Huguenot-Prince's Bay-Eltingville
5017007,SI48,Arden Heights
5017008,SI48,Arden Heights
5017009,SI48,Arden Heights
5017010,SI48,Arden Heights
5017011,SI01,Annadale-Huguenot-Prince's Bay-Eltingville
5017012,SI01,Annadale-Huguenot-Prince's Bay-Eltingville
5017300,SI05,New Springville-Bloomfield-Travis
5017600,SI01,Annadale-Huguenot-Prince's Bay-Eltingville
5017700,SI24,Todt Hill-Emerson Hill-Heartland Village-Lighthouse Hill
5018100,SI24,Todt Hill-Emerson Hill-Heartland Village-Lighthouse Hill
5018701,SI07,Westerleigh
5018702,SI05,New Springville-Bloomfield-Travis
5018901,SI07,Westerleigh
5018902,SI05,New Springville-Bloomfield-Travis
5019700,SI07,Westerleigh
5019800,SI01,Annadale-Huguenot-Prince's Bay-Eltingville
5020100,SI07,Westerleigh
5020700,SI28,Port Richmond
5020801,SI32,Rossville-Woodrow
5020803,SI32,Rossville-Woodrow
5020804,SI32,Rossville-Woodrow
5021300,SI28,Port Richmond
5022300,SI12,Mariner's Harbor-Arlington-Port Ivory-Graniteville
5022600,SI11,Charleston-Richmond Valley-Tottenville
5022800,SI05,New Springville-Bloomfield-Travis
5023100,SI12,Mariner's Harbor-Arlington-Port Ivory-Graniteville
5023900,SI12,Mariner's Harbor-Arlington-Port Ivory-Graniteville
5024401,SI11,Charleston-Richmond Valley-Tottenville
5024402,SI11,Charleston-Richmond Valley-Tottenville
5024700,SI28,Port Richmond
5024800,SI11,Charleston-Richmond Valley-Tottenville
5025100,SI28,Port Richmond
5027301,SI05,New Springville-Bloomfield-Travis
5027302,SI05,New Springville-Bloomfield-Travis
5027702,SI24,Todt Hill-Emerson Hill-Heartland Village-Lighthouse Hill
5027704,SI24,Todt Hill-Emerson Hill-Heartland Village-Lighthouse Hill
5027705,SI24,Todt Hill-Emerson Hill-Heartland Village-Lighthouse Hill
5027706,SI24,Todt Hill-Emerson Hill-Heartland Village-Lighthouse Hill
5027900,SI24,Todt Hill-Emerson Hill-Heartland Village-Lighthouse Hill
5029102,SI05,New Springville-Bloomfield-Travis
5029103,SI05,New Springville-Bloomfield-Travis
5029104,SI05,New Springville-Bloomfield-Travis
5030301,SI12,Mariner's Harbor-Arlington-Port Ivory-Graniteville
5030302,SI12,Mariner's Harbor-Arlington-Port Ivory-Graniteville
5031901,SI12,Mariner's Harbor-Arlington-Port Ivory-Graniteville
5031902,SI12,Mariner's Harbor-Arlington-Port Ivory-Graniteville
5032300,SI12,Mariner's Harbor-Arlington-Port Ivory-Graniteville
5990100,SI99,park-cemetery-etc-Staten Island
1000100,MN99,park-cemetery-etc-Manhattan
1000201,MN28,Lower East Side
1000202,MN28,Lower East Side
1000500,MN99,park-cemetery-etc-Manhattan
1000600,MN28,Lower East Side
1000700,MN25,Battery Park City-Lower Manhattan
1000800,MN27,Chinatown
1000900,MN25,Battery Park City-Lower Manhattan
1001001,MN28,Lower East Side
1001002,MN28,Lower East Side
1001200,MN28,Lower East Side
1001300,MN25,Battery Park City-Lower Manhattan
1001401,MN28,Lower East Side
1001402,MN28,Lower East Side
1001501,MN25,Battery Park City-Lower Manhattan
1001502,MN25,Battery Park City-Lower Manhattan
1001600,MN27,Chinatown
1001800,MN27,Chinatown
1002000,MN28,Lower East Side
1002100,MN24,SoHo-TriBeCa-Civic Center-Little Italy
1002201,MN28,Lower East Side
1002202,MN28,Lower East Side
1002400,MN28,Lower East Side
1002500,MN27,Chinatown
1002601,MN28,Lower East Side
1002602,MN28,Lower East Side
1002700,MN27,Chinatown
1002800,MN28,Lower East Side
1002900,MN27,Chinatown
1003001,MN27,Chinatown
1003002,MN22,East Village
1003100,MN24,SoHo-TriBeCa-Civic Center-Little Italy
1003200,MN22,East Village
1003300,MN24,SoHo-TriBeCa-Civic Center-Little Italy
1003400,MN22,East Village
1003601,MN27,Chinatown
1003602,MN22,East Village
1003700,MN24,SoHo-TriBeCa-Civic Center-Little Italy
1003800,MN22,East Village
1003900,MN24,SoHo-TriBeCa-Civic Center-Little Italy
1004000,MN22,East Village
1004100,MN24,SoHo-TriBeCa-Civic Center-Little Italy
1004200,MN22,East Village
1004300,MN24,SoHo-TriBeCa-Civic Center-Little Italy
1004400,MN50,Stuyvesant Town-Cooper Village
1004500,MN24,SoHo-TriBeCa-Civic Center-Little Italy
1004700,MN24,SoHo-TriBeCa-Civic Center-Little Italy
1004800,MN21,Gramercy
1004900,MN24,SoHo-TriBeCa-Civic Center-Little Italy
1005000,MN21,Gramercy
1005200,MN13,Hudson Yards-Chelsea-Flat Iron-Union Square
1005400,MN13,Hudson Yards-Chelsea-Flat Iron-Union Square
1005501,MN23,West Village
1005502,MN23,West Village
1005600,MN13,Hudson Yards-Chelsea-Flat Iron-Union Square
1005700,MN23,West Village
1005800,MN13,Hudson Yards-Chelsea-Flat Iron-Union Square
1005900,MN23,West Village
1006000,MN50,Stuyvesant Town-Cooper Village
1006100,MN23,West Village
1006200,MN20,Murray Hill-Kips Bay
1006300,MN23,West Village
1006400,MN21,Gramercy
1006500,MN23,West Village
1006600,MN20,Murray Hill-Kips Bay
1006700,MN23,West Village
1006800,MN21,Gramercy
1006900,MN23,West Village
1007000,MN20,Murray Hill-Kips Bay
1007100,MN23,West Village
1007200,MN20,Murray Hill-Kips Bay
1007300,MN23,West Village
1007400,MN17,Midtown-Midtown South
1007500,MN23,West Village
1007600,MN17,Midtown-Midtown South
1007700,MN23,West Village
1007800,MN20,Murray Hill-Kips Bay
1007900,MN23,West Village
1008000,MN20,Murray Hill-Kips Bay
1008100,MN13,Hudson Yards-Chelsea-Flat Iron-Union Square
1008200,MN20,Murray Hill-Kips Bay
1008300,MN13,Hudson Yards-Chelsea-Flat Iron-Union Square
1008400,MN17,Midtown-Midtown South
1008601,MN19,Turtle Bay-East Midtown
1008602,MN19,Turtle Bay-East Midtown
1008603,MN19,Turtle Bay-East Midtown
1008700,MN13,Hudson Yards-Chelsea-Flat Iron-Union Square
1008800,MN19,Turtle Bay-East Midtown
1008900,MN13,Hudson Yards-Chelsea-Flat Iron-Union Square
1009000,MN19,Turtle Bay-East Midtown
1009100,MN13,Hudson Yards-Chelsea-Flat Iron-Union Square
1009200,MN19,Turtle Bay-East Midtown
1009300,MN13,Hudson Yards-Chelsea-Flat Iron-Union Square
1009400,MN17,Midtown-Midtown South
1009500,MN17,Midtown-Midtown South
1009600,MN17,Midtown-Midtown South
1009700,MN13,Hudson Yards-Chelsea-Flat Iron-Union Square
1009800,MN19,Turtle Bay-East Midtown
1009900,MN13,Hudson Yards-Chelsea-Flat Iron-Union Square
1010000,MN19,Turtle Bay-East Midtown
1010100,MN17,Midtown-Midtown South
1010200,MN17,Midtown-Midtown South
1010300,MN13,Hudson Yards-Chelsea-Flat Iron-Union Square
1010400,MN17,Midtown-Midtown South
1010601,MN19,Turtle Bay-East Midtown
1010602,MN31,Lenox Hill-Roosevelt Island
1010800,MN19,Turtle Bay-East Midtown
1010900,MN17,Midtown-Midtown South
1011000,MN31,Lenox Hill-Roosevelt Island
1011100,MN13,Hudson Yards-Chelsea-Flat Iron-Union Square
1011201,MN17,Midtown-Midtown South
1011202,MN17,Midtown-Midtown South
1011203,MN19,Turtle Bay-East Midtown
1011300,MN17,Midtown-Midtown South
1011401,MN40,Upper East Side-Carnegie Hill
1011402,MN40,Upper East Side-Carnegie Hill
1011500,MN15,Clinton
1011600,MN31,Lenox Hill-Roosevelt Island
1011700,MN13,Hudson Yards-Chelsea-Flat Iron-Union Square
1011800,MN31,Lenox Hill-Roosevelt Island
1011900,MN17,Midtown-Midtown South
1012000,MN40,Upper East Side-Carnegie Hill
1012100,MN15,Clinton
1012200,MN40,Upper East Side-Carnegie Hill
1012400,MN31,Lenox Hill-Roosevelt Island
1012500,MN17,Midtown-Midtown South
1012600,MN31,Lenox Hill-Roosevelt Island
1012700,MN15,Clinton
1012800,MN40,Upper East Side-Carnegie Hill
1012900,MN15,Clinton
1013000,MN40,Upper East Side-Carnegie Hill
1013100,MN17,Midtown-Midtown South
1013200,MN31,Lenox Hill-Roosevelt Island
1013300,MN15,Clinton
1013400,MN31,Lenox Hill-Roosevelt Island
1013500,MN15,Clinton
1013600,MN32,Yorkville
1013700,MN17,Midtown-Midtown South
1013800,MN32,Yorkville
1013900,MN15,Clinton
1014000,MN40,Upper East Side-Carnegie Hill
1014200,MN40,Upper East Side-Carnegie Hill
1014300,MN99,park-cemetery-etc-Manhattan
1014401,MN32,Yorkville
1014402,MN32,Yorkville
1014500,MN14,Lincoln Square
1014601,MN32,Yorkville
1014602,MN32,Yorkville
1014700,MN14,Lincoln Square
1014801,MN40,Upper East Side-Carnegie Hill
1014802,MN40,Upper East Side-Carnegie Hill
1014900,MN14,Lincoln Square
1015001,MN40,Upper East Side-Carnegie Hill
1015002,MN40,Upper East Side-Carnegie Hill
1015100,MN14,Lincoln Square
1015200,MN32,Yorkville
1015300,MN14,Lincoln Square
1015400,MN32,Yorkville
1015500,MN14,Lincoln Square
1015601,MN32,Yorkville
1015602,MN33,East Harlem South
1015700,MN14,Lincoln Square
1015801,MN40,Upper East Side-Carnegie Hill
1015802,MN33,East Harlem South
1015900,MN14,Lincoln Square
1016001,MN40,Upper East Side-Carnegie Hill
1016002,MN33,East Harlem South
1016100,MN12,Upper West Side
1016200,MN33,East Harlem South
1016300,MN12,Upper West Side
1016400,MN33,East Harlem South
1016500,MN12,Upper West Side
1016600,MN33,East Harlem South
1016700,MN12,Upper West Side
1016800,MN33,East Harlem South
1016900,MN12,Upper West Side
1017000,MN33,East Harlem South
1017100,MN12,Upper West Side
1017200,MN33,East Harlem South
1017300,MN12,Upper West Side
1017401,MN33,East Harlem South
1017402,MN33,East Harlem South
1017500,MN12,Upper West Side
1017700,MN12,Upper West Side
1017800,MN34,East Harlem North
1017900,MN12,Upper West Side
1018000,MN34,East Harlem North
1018100,MN12,Upper West Side
1018200,MN34,East Harlem North
1018300,MN12,Upper West Side
1018400,MN34,East Harlem North
1018500,MN12,Upper West Side
1018600,MN11,Central Harlem South
1018700,MN12,Upper West Side
1018800,MN34,East Harlem North
1018900,MN12,Upper West Side
1019000,MN11,Central Harlem South
1019100,MN12,Upper West Side
1019200,MN34,East Harlem North
1019300,MN09,Morningside Heights
1019400,MN34,East Harlem North
1019500,MN09,Morningside Heights
1019600,MN34,East Harlem North
1019701,MN09,Morningside Heights
1019702,MN11,Central Harlem South
1019800,MN34,East Harlem North
1019900,MN09,Morningside Heights
1020000,MN11,Central Harlem South
1020101,MN09,Morningside Heights
1020102,MN11,Central Harlem South
1020300,MN09,Morningside Heights
1020500,MN09,Morningside Heights
1020600,MN03,Central Harlem North-Polo Grounds
1020701,MN09,Morningside Heights
1020800,MN03,Central Harlem North-Polo Grounds
1020901,MN09,Morningside Heights
1021000,MN34,East Harlem North
1021100,MN09,Morningside Heights
1021200,MN03,Central Harlem North-Polo Grounds
1021303,MN06,Manhattanville
1021400,MN03,Central Harlem North-Polo Grounds
1021500,MN03,Central Harlem North-Polo Grounds
1021600,MN11,Central Harlem South
1021703,MN06,Manhattanville
1021800,MN11,Central Harlem South
1021900,MN06,Manhattanville
1022000,MN11,Central Harlem South
1022102,MN03,Central Harlem North-Polo Grounds
1022200,MN11,Central Harlem South
1022301,MN06,Manhattanville
1022302,MN06,Manhattanville
1022400,MN03,Central Harlem North-Polo Grounds
1022500,MN04,Hamilton Heights
1022600,MN03,Central Harlem North-Polo Grounds
1022700,MN04,Hamilton Heights
1022800,MN03,Central Harlem North-Polo Grounds
1022900,MN04,Hamilton Heights
1023000,MN03,Central Harlem North-Polo Grounds
1023100,MN04,Hamilton Heights
1023200,MN03,Central Harlem North-Polo Grounds
1023300,MN04,Hamilton Heights
1023400,MN03,Central Harlem North-Polo Grounds
1023501,MN04,Hamilton Heights
1023502,MN03,Central Harlem North-Polo Grounds
1023600,MN03,Central Harlem North-Polo Grounds
1023700,MN04,Hamilton Heights
1023801,MN31,Lenox Hill-Roosevelt Island
1023802,MN31,Lenox Hill-Roosevelt Island
1023900,MN36,Washington Heights South
1024000,MN99,park-cemetery-etc-Manhattan
1024100,MN36,Washington Heights South
1024200,MN34,East Harlem North
1024301,MN36,Washington Heights South
1024302,MN03,Central Harlem North-Polo Grounds
1024500,MN36,Washington Heights South
1024700,MN36,Washington Heights South
1024900,MN36,Washington Heights South
1025100,MN36,Washington Heights South
1025300,MN36,Washington Heights South
1025500,MN36,Washington Heights South
1025700,MN11,Central Harlem South
1025900,MN03,Central Harlem North-Polo Grounds
1026100,MN36,Washington Heights South
1026300,MN36,Washington Heights South
1026500,MN36,Washington Heights South
1026700,MN35,Washington Heights North
1026900,MN35,Washington Heights North
1027100,MN35,Washington Heights North
1027300,MN35,Washington Heights North
1027500,MN35,Washington Heights North
1027700,MN35,Washington Heights North
1027900,MN35,Washington Heights North
1028100,MN35,Washington Heights North
1028300,MN35,Washington Heights North
1028500,MN35,Washington Heights North
1028700,MN35,Washington Heights North
1029100,MN01,Marble Hill-Inwood
1029300,MN01,Marble Hill-Inwood
1029500,MN01,Marble Hill-Inwood
1029700,MN99,park-cemetery-etc-Manhattan
1029900,MN01,Marble Hill-Inwood
1030300,MN01,Marble Hill-Inwood
1030700,MN01,Marble Hill-Inwood
1030900,MN01,Marble Hill-Inwood
1031100,MN99,park-cemetery-etc-Manhattan
1031703,MN25,Battery Park City-Lower Manhattan
1031704,MN25,Battery Park City-Lower Manhattan
1031900,MN99,park-cemetery-etc-Manhattan
